year,quarter,region,price_sqm,source,period
2018,3,1.0,36486.48648648649,transactions,2018-07-01
2018,4,1.0,37619.04761904762,transactions,2018-10-01
2019,1,1.0,39130.434782608696,transactions,2019-01-01
2019,2,1.0,40112.99435028249,transactions,2019-04-01
2019,3,1.0,41666.66666666666,transactions,2019-07-01
2019,4,1.0,43883.991228070176,transactions,2019-10-01
2020,1,1.0,42857.142857142855,transactions,2020-01-01
2020,2,1.0,43918.91891891892,transactions,2020-04-01
2020,3,1.0,45950.81967213115,transactions,2020-07-01
2020,4,1.0,47142.857142857145,transactions,2020-10-01
2021,1,1.0,50352.94117647059,transactions,2021-01-01
2021,2,1.0,64594.59459459459,transactions,2021-04-01
2021,3,1.0,75000.0,transactions,2021-07-01
2021,4,1.0,86834.73389355742,transactions,2021-10-01
2022,1,1.0,93191.03641456581,rosstat_index,2022-01-01
2022,2,1.0,96676.38117647058,rosstat_index,2022-04-01
2022,3,1.0,102423.79203741174,rosstat_index,2022-07-01
2022,4,1.0,101814.37047478915,rosstat_index,2022-10-01
2023,1,1.0,103209.22735029378,rosstat_index,2023-01-01
2023,2,1.0,103864.60594396814,rosstat_index,2023-04-01
2023,3,1.0,102722.09527858449,rosstat_index,2023-07-01
2023,4,1.0,106574.1738515314,rosstat_index,2023-10-01
2024,1,1.0,109552.92201068171,rosstat_index,2024-01-01
2024,2,1.0,110610.10770808479,rosstat_index,2024-04-01
2024,3,1.0,111815.75788210292,rosstat_index,2024-07-01
2024,4,1.0,114387.52031339127,rosstat_index,2024-10-01
2025,1,1.0,117127.101424897,rosstat_index,2025-01-01
2025,2,1.0,117103.67600461203,rosstat_index,2025-04-01
2025,3,1.0,118409.38199206347,rosstat_index,2025-07-01
2025,4,1.0,120765.72869370553,rosstat_index,2025-10-01
2026,1,1.0,121321.25104569658,rosstat_index,2026-01-01
2018,1,2.0,48913.04347826087,transactions,2018-01-01
2018,3,2.0,52500.0,transactions,2018-07-01
2018,4,2.0,53729.0350877193,transactions,2018-10-01
2019,1,2.0,50791.55672823219,transactions,2019-01-01
2019,2,2.0,52571.42857142857,transactions,2019-04-01
2019,3,2.0,47142.857142857145,transactions,2019-07-01
2019,4,2.0,56049.002347417845,transactions,2019-10-01
2020,1,2.0,56857.95370779891,transactions,2020-01-01
2020,2,2.0,57949.44828937059,transactions,2020-04-01
2020,3,2.0,58620.68965517241,transactions,2020-07-01
2020,4,2.0,64500.0,transactions,2020-10-01
2021,1,2.0,66406.25,transactions,2021-01-01
2021,2,2.0,65600.88440970794,transactions,2021-04-01
2021,3,2.0,73076.92307692308,transactions,2021-07-01
2021,4,2.0,78125.0,transactions,2021-10-01
2022,1,2.0,82804.68750000001,rosstat_index,2022-01-01
2022,2,2.0,88244.95546875002,rosstat_index,2022-04-01
2022,3,2.0,93680.84472562501,rosstat_index,2022-07-01
2022,4,2.0,96088.44243507355,rosstat_index,2022-10-01
2023,1,2.0,95084.31821162705,rosstat_index,2023-01-01
2023,2,2.0,96211.06738243483,rosstat_index,2023-04-01
2023,3,2.0,99246.52655835066,rosstat_index,2023-07-01
2023,4,2.0,102829.32616710711,rosstat_index,2023-10-01
2024,1,2.0,106001.61087936237,rosstat_index,2024-01-01
2024,2,2.0,108137.54333858153,rosstat_index,2024-04-01
2024,3,2.0,111381.66963873897,rosstat_index,2024-07-01
2024,4,2.0,114561.61630692495,rosstat_index,2024-10-01
2025,1,2.0,115111.51206519819,rosstat_index,2025-01-01
2025,2,2.0,114812.22213382868,rosstat_index,2025-04-01
2025,3,2.0,114938.5155781759,rosstat_index,2025-07-01
2025,4,2.0,115622.39974586605,rosstat_index,2025-10-01
2026,1,2.0,117304.70566216839,rosstat_index,2026-01-01
2018,2,3.0,44036.69724770642,transactions,2018-04-01
2018,3,3.0,42084.3776106934,transactions,2018-07-01
2018,4,3.0,43380.81603435934,transactions,2018-10-01
2019,1,3.0,45383.52272727273,transactions,2019-01-01
2019,2,3.0,48000.0,transactions,2019-04-01
2019,3,3.0,46236.66265543522,transactions,2019-07-01
2019,4,3.0,47222.22222222222,transactions,2019-10-01
2020,1,3.0,50227.57288243221,transactions,2020-01-01
2020,2,3.0,51903.11418685121,transactions,2020-04-01
2020,3,3.0,55555.55555555556,transactions,2020-07-01
2020,4,3.0,61024.30555555556,transactions,2020-10-01
2021,1,3.0,71868.58316221765,transactions,2021-01-01
2021,2,3.0,76600.0,transactions,2021-04-01
2021,3,3.0,79677.41935483871,transactions,2021-07-01
2021,4,3.0,84912.77044969745,transactions,2021-10-01
2022,1,3.0,88063.03423338123,rosstat_index,2022-01-01
2022,2,3.0,89885.9390420122,rosstat_index,2022-04-01
2022,3,3.0,92497.12557118267,rosstat_index,2022-07-01
2022,4,3.0,90332.69283281699,rosstat_index,2022-10-01
2023,1,3.0,93254.95544595862,rosstat_index,2023-01-01
2023,2,3.0,93441.46535685055,rosstat_index,2023-04-01
2023,3,3.0,94235.71781238377,rosstat_index,2023-07-01
2023,4,3.0,98113.51760036337,rosstat_index,2023-10-01
2024,1,3.0,108876.57048112323,rosstat_index,2024-01-01
2024,2,3.0,112251.74416603804,rosstat_index,2024-04-01
2024,3,3.0,113980.42102619502,rosstat_index,2024-07-01
2024,4,3.0,115861.09797312725,rosstat_index,2024-10-01
2025,1,3.0,120617.19604492412,rosstat_index,2025-01-01
2025,2,3.0,123403.45327356186,rosstat_index,2025-04-01
2025,3,3.0,125069.39989275493,rosstat_index,2025-07-01
2025,4,3.0,127589.54830059395,rosstat_index,2025-10-01
2026,1,3.0,132788.82239384315,rosstat_index,2026-01-01
2018,3,5.0,37142.857142857145,transactions,2018-07-01
2018,4,5.0,38181.81818181818,transactions,2018-10-01
2019,1,5.0,38126.5664160401,transactions,2019-01-01
2019,2,5.0,40000.0,transactions,2019-04-01
2019,3,5.0,39931.66287015945,transactions,2019-07-01
2019,4,5.0,39473.68421052631,transactions,2019-10-01
2020,1,5.0,41091.26984126984,transactions,2020-01-01
2020,2,5.0,40909.09090909091,transactions,2020-04-01
2020,3,5.0,43000.0,transactions,2020-07-01
2020,4,5.0,44147.4047453751,transactions,2020-10-01
2021,1,5.0,42533.024532509866,transactions,2021-01-01
2021,2,5.0,48571.42857142857,transactions,2021-04-01
2021,3,5.0,53333.333333333336,transactions,2021-07-01
2021,4,5.0,57575.757575757576,transactions,2021-10-01
2022,1,5.0,60114.84848484849,rosstat_index,2022-01-01
2022,2,5.0,60523.629454545466,rosstat_index,2022-04-01
2022,3,5.0,63589.15128641819,rosstat_index,2022-07-01
2022,4,5.0,66425.22743379245,rosstat_index,2022-10-01
2023,1,5.0,67823.47847127377,rosstat_index,2023-01-01
2023,2,5.0,69810.7063904821,rosstat_index,2023-04-01
2023,3,5.0,70592.5863020555,rosstat_index,2023-07-01
2023,4,5.0,73730.42676318187,rosstat_index,2023-10-01
2024,1,5.0,74899.05402737831,rosstat_index,2024-01-01
2024,2,5.0,80407.87945109198,rosstat_index,2024-04-01
2024,3,5.0,84794.12927514905,rosstat_index,2024-07-01
2024,4,5.0,86485.7721541883,rosstat_index,2024-10-01
2025,1,5.0,87290.08983522226,rosstat_index,2025-01-01
2025,2,5.0,88049.51361678871,rosstat_index,2025-04-01
2025,3,5.0,86499.84217713322,rosstat_index,2025-07-01
2025,4,5.0,85254.2444497825,rosstat_index,2025-10-01
2026,1,5.0,85024.05798976809,rosstat_index,2026-01-01
2018,2,7.0,70103.09278350516,transactions,2018-04-01
2018,3,7.0,43636.36363636364,transactions,2018-07-01
2018,4,7.0,38750.0,transactions,2018-10-01
2019,1,7.0,38012.45720113645,transactions,2019-01-01
2019,2,7.0,38935.969868173255,transactions,2019-04-01
2019,3,7.0,38315.60283687944,transactions,2019-07-01
2019,4,7.0,38888.88888888889,transactions,2019-10-01
2020,1,7.0,40000.0,transactions,2020-01-01
2020,2,7.0,39622.64150943396,transactions,2020-04-01
2020,3,7.0,40909.10227272727,transactions,2020-07-01
2020,4,7.0,42170.79530638852,transactions,2020-10-01
2021,1,7.0,40000.0,transactions,2021-01-01
2021,2,7.0,42335.76642335767,transactions,2021-04-01
2021,3,7.0,43333.333333333336,transactions,2021-07-01
2021,4,7.0,49038.46153846154,transactions,2021-10-01
2022,1,7.0,65152.50000000001,rosstat_index,2022-01-01
2022,2,7.0,62520.339000000014,rosstat_index,2022-04-01
2022,3,7.0,63389.371712100015,rosstat_index,2022-07-01
2022,4,7.0,69259.22753264048,rosstat_index,2022-10-01
2023,1,7.0,69286.93122365353,rosstat_index,2023-01-01
2023,2,7.0,72287.05534563774,rosstat_index,2023-04-01
2023,3,7.0,73584.60798909194,rosstat_index,2023-07-01
2023,4,7.0,75229.22397764814,rosstat_index,2023-10-01
2024,1,7.0,77978.85211403118,rosstat_index,2024-01-01
2024,2,7.0,79437.05664856356,rosstat_index,2024-04-01
2024,3,7.0,78213.72597617569,rosstat_index,2024-07-01
2024,4,7.0,76931.02087016641,rosstat_index,2024-10-01
2025,1,7.0,77965.74310087015,rosstat_index,2025-01-01
2025,2,7.0,81006.4070818041,rosstat_index,2025-04-01
2025,3,7.0,81107.66509065634,rosstat_index,2025-07-01
2025,4,7.0,86570.26633451205,rosstat_index,2025-10-01
2026,1,7.0,87275.81400513831,rosstat_index,2026-01-01
2018,3,9.0,42195.44846050871,transactions,2018-07-01
2018,4,9.0,42592.59259259259,transactions,2018-10-01
2019,1,9.0,43449.65675057208,transactions,2019-01-01
2019,2,9.0,43969.84924623116,transactions,2019-04-01
2019,3,9.0,43965.51724137931,transactions,2019-07-01
2019,4,9.0,43518.51851851852,transactions,2019-10-01
2020,1,9.0,43982.75862068965,transactions,2020-01-01
2020,2,9.0,46094.52736318408,transactions,2020-04-01
2020,3,9.0,45923.79264510412,transactions,2020-07-01
2020,4,9.0,48244.11281489594,transactions,2020-10-01
2021,1,9.0,50405.40540540541,transactions,2021-01-01
2021,2,9.0,52631.57894736842,transactions,2021-04-01
2021,3,9.0,56091.52752009895,transactions,2021-07-01
2021,4,9.0,62500.0,transactions,2021-10-01
2022,1,9.0,65887.5,rosstat_index,2022-01-01
2022,2,9.0,65887.5,rosstat_index,2022-04-01
2022,3,9.0,65880.91125,rosstat_index,2022-07-01
2022,4,9.0,69132.13422018751,rosstat_index,2022-10-01
2023,1,9.0,70297.01068179766,rosstat_index,2023-01-01
2023,2,9.0,70451.66410529762,rosstat_index,2023-04-01
2023,3,9.0,76926.17203657447,rosstat_index,2023-07-01
2023,4,9.0,77518.5035612561,rosstat_index,2023-10-01
2024,1,9.0,77518.5035612561,rosstat_index,2024-01-01
2024,2,9.0,77898.34422870626,rosstat_index,2024-04-01
2024,3,9.0,77898.34422870626,rosstat_index,2024-07-01
2024,4,9.0,78895.4430348337,rosstat_index,2024-10-01
2025,1,9.0,84504.90903461038,rosstat_index,2025-01-01
2025,2,9.0,85510.51745212224,rosstat_index,2025-04-01
2025,3,9.0,85715.74269400732,rosstat_index,2025-07-01
2025,4,9.0,85698.5995454685,rosstat_index,2025-10-01
2026,1,9.0,83054.7977494908,rosstat_index,2026-01-01
2018,3,10.0,44306.62393162393,transactions,2018-07-01
2018,4,10.0,45833.333333333336,transactions,2018-10-01
2019,1,10.0,46972.22222222222,transactions,2019-01-01
2019,2,10.0,46461.65884194053,transactions,2019-04-01
2019,3,10.0,46708.33333333333,transactions,2019-07-01
2019,4,10.0,46470.58823529412,transactions,2019-10-01
2020,1,10.0,46293.98148148148,transactions,2020-01-01
2020,2,10.0,47777.77777777778,transactions,2020-04-01
2020,3,10.0,48532.73137697517,transactions,2020-07-01
2020,4,10.0,51980.0,transactions,2020-10-01
2021,1,10.0,63934.42622950819,transactions,2021-01-01
2021,2,10.0,65200.0,transactions,2021-04-01
2021,3,10.0,69892.47311827957,transactions,2021-07-01
2021,4,10.0,76899.03846153847,transactions,2021-10-01
2022,1,10.0,81924.390625,rosstat_index,2022-01-01
2022,2,10.0,86442.52076796874,rosstat_index,2022-04-01
2022,3,10.0,90099.03939645382,rosstat_index,2022-07-01
2022,4,10.0,91536.11907482726,rosstat_index,2022-10-01
2023,1,10.0,91339.3164188164,rosstat_index,2023-01-01
2023,2,10.0,92987.99108017603,rosstat_index,2023-04-01
2023,3,10.0,96307.66236173832,rosstat_index,2023-07-01
2023,4,10.0,100280.35343416002,rosstat_index,2023-10-01
2024,1,10.0,103564.53500912877,rosstat_index,2024-01-01
2024,2,10.0,104351.62547519815,rosstat_index,2024-04-01
2024,3,10.0,105525.58126179413,rosstat_index,2024-07-01
2024,4,10.0,107372.27893387552,rosstat_index,2024-10-01
2025,1,10.0,108746.64410422914,rosstat_index,2025-01-01
2025,2,10.0,110785.64368118344,rosstat_index,2025-04-01
2025,3,10.0,110087.69412599198,rosstat_index,2025-07-01
2025,4,10.0,112383.0225485189,rosstat_index,2025-10-01
2026,1,10.0,114456.48931453908,rosstat_index,2026-01-01
2018,2,11.0,42000.0,transactions,2018-04-01
2018,3,11.0,38923.82216088344,transactions,2018-07-01
2018,4,11.0,50000.0,transactions,2018-10-01
2019,1,11.0,50746.26865671642,transactions,2019-01-01
2019,2,11.0,50395.19936768101,transactions,2019-04-01
2019,3,11.0,50000.0,transactions,2019-07-01
2019,4,11.0,50866.44947518235,transactions,2019-10-01
2020,1,11.0,51392.97385620915,transactions,2020-01-01
2020,2,11.0,52941.17647058824,transactions,2020-04-01
2020,3,11.0,52865.35303776683,transactions,2020-07-01
2020,4,11.0,54047.619047619046,transactions,2020-10-01
2021,1,11.0,54447.70283479961,transactions,2021-01-01
2021,2,11.0,55882.35294117647,transactions,2021-04-01
2021,3,11.0,58861.96581196581,transactions,2021-07-01
2021,4,11.0,62571.184510250576,transactions,2021-10-01
2022,1,11.0,70057.82673690206,rosstat_index,2022-01-01
2022,2,11.0,72783.07619696755,rosstat_index,2022-04-01
2022,3,11.0,74140.48056804099,rosstat_index,2022-07-01
2022,4,11.0,76661.25690735439,rosstat_index,2022-10-01
2023,1,11.0,76327.7804398074,rosstat_index,2023-01-01
2023,2,11.0,77587.18881706422,rosstat_index,2023-04-01
2023,3,11.0,83282.08847623674,rosstat_index,2023-07-01
2023,4,11.0,90019.60943396429,rosstat_index,2023-10-01
2024,1,11.0,90087.12414103975,rosstat_index,2024-01-01
2024,2,11.0,92366.32838180805,rosstat_index,2024-04-01
2024,3,11.0,91710.52745029722,rosstat_index,2024-07-01
2024,4,11.0,95264.31038899622,rosstat_index,2024-10-01
2025,1,11.0,95107.12427685437,rosstat_index,2025-01-01
2025,2,11.0,93775.62453697842,rosstat_index,2025-04-01
2025,3,11.0,96499.80642977764,rosstat_index,2025-07-01
2025,4,11.0,95221.1839945831,rosstat_index,2025-10-01
2026,1,11.0,97030.38649048019,rosstat_index,2026-01-01
2018,3,12.0,39541.66666666667,transactions,2018-07-01
2018,4,12.0,35500.0,transactions,2018-10-01
2019,1,12.0,36923.07692307692,transactions,2019-01-01
2019,2,12.0,37214.51663364272,transactions,2019-04-01
2019,3,12.0,36749.69987995198,transactions,2019-07-01
2019,4,12.0,36031.11773472429,transactions,2019-10-01
2020,1,12.0,37034.14351851852,transactions,2020-01-01
2020,2,12.0,37500.0,transactions,2020-04-01
2020,3,12.0,38196.59442724458,transactions,2020-07-01
2020,4,12.0,40728.670386455946,transactions,2020-10-01
2021,1,12.0,41780.82191780822,transactions,2021-01-01
2021,2,12.0,44943.8202247191,transactions,2021-04-01
2021,3,12.0,46082.84165751921,transactions,2021-07-01
2021,4,12.0,52058.61581920904,transactions,2021-10-01
2022,1,12.0,57548.19685734463,rosstat_index,2022-01-01
2022,2,12.0,59568.13856703742,rosstat_index,2022-04-01
2022,3,12.0,62114.67649077827,rosstat_index,2022-07-01
2022,4,12.0,65192.45871089634,rosstat_index,2022-10-01
2023,1,12.0,67783.85894465446,rosstat_index,2023-01-01
2023,2,12.0,70501.99168833511,rosstat_index,2023-04-01
2023,3,12.0,72874.38370864758,rosstat_index,2023-07-01
2023,4,12.0,78485.71125421346,rosstat_index,2023-10-01
2024,1,12.0,82449.23967255122,rosstat_index,2024-01-01
2024,2,12.0,84535.20543626677,rosstat_index,2024-04-01
2024,3,12.0,89797.52197467437,rosstat_index,2024-07-01
2024,4,12.0,95450.2759829801,rosstat_index,2024-10-01
2025,1,12.0,99134.65663592314,rosstat_index,2025-01-01
2025,2,12.0,98440.71403947167,rosstat_index,2025-04-01
2025,3,12.0,101113.37942564333,rosstat_index,2025-07-01
2025,4,12.0,104520.90031228751,rosstat_index,2025-10-01
2026,1,12.0,106235.04307740902,rosstat_index,2026-01-01
2018,3,13.0,42052.13903743315,transactions,2018-07-01
2018,4,13.0,41666.66666666666,transactions,2018-10-01
2019,1,13.0,43286.21908127209,transactions,2019-01-01
2019,2,13.0,43750.0,transactions,2019-04-01
2019,3,13.0,42352.94117647059,transactions,2019-07-01
2019,4,13.0,42656.25,transactions,2019-10-01
2020,1,13.0,43636.36363636364,transactions,2020-01-01
2020,2,13.0,44117.76470588235,transactions,2020-04-01
2020,3,13.0,44680.85106382979,transactions,2020-07-01
2020,4,13.0,46875.390625,transactions,2020-10-01
2021,1,13.0,47563.27548818731,transactions,2021-01-01
2021,2,13.0,49056.6037735849,transactions,2021-04-01
2021,3,13.0,50606.06060606061,transactions,2021-07-01
2021,4,13.0,53811.65919282511,transactions,2021-10-01
2022,1,13.0,62666.36771300448,rosstat_index,2022-01-01
2022,2,13.0,68018.07551569506,rosstat_index,2022-04-01
2022,3,13.0,69745.7346337937,rosstat_index,2022-07-01
2022,4,13.0,70687.30205134992,rosstat_index,2022-10-01
2023,1,13.0,73458.24429176284,rosstat_index,2023-01-01
2023,2,13.0,75706.06656709078,rosstat_index,2023-04-01
2023,3,13.0,76769.7368023584,rosstat_index,2023-07-01
2023,4,13.0,78420.2861436091,rosstat_index,2023-10-01
2024,1,13.0,82764.76999596505,rosstat_index,2024-01-01
2024,2,13.0,88599.68628068057,rosstat_index,2024-04-01
2024,3,13.0,91124.77733967997,rosstat_index,2024-07-01
2024,4,13.0,92250.16833982503,rosstat_index,2024-10-01
2025,1,13.0,95382.06155496209,rosstat_index,2025-01-01
2025,2,13.0,99111.5001617611,rosstat_index,2025-04-01
2025,3,13.0,100518.8834640581,rosstat_index,2025-07-01
2025,4,13.0,101192.3599832673,rosstat_index,2025-10-01
2026,1,13.0,103585.55929687158,rosstat_index,2026-01-01
2018,3,14.0,57590.99181073703,transactions,2018-07-01
2018,4,14.0,57142.857142857145,transactions,2018-10-01
2019,1,14.0,46511.62790697674,transactions,2019-01-01
2019,2,14.0,59659.0909090909,transactions,2019-04-01
2019,3,14.0,62921.348314606745,transactions,2019-07-01
2019,4,14.0,62050.136510300326,transactions,2019-10-01
2020,1,14.0,60526.31578947369,transactions,2020-01-01
2020,2,14.0,57971.01449275362,transactions,2020-04-01
2020,3,14.0,62717.7700348432,transactions,2020-07-01
2020,4,14.0,51162.79069767442,transactions,2020-10-01
2021,1,14.0,84210.52631578948,transactions,2021-01-01
2021,2,14.0,97560.9756097561,transactions,2021-04-01
2021,3,14.0,98581.4889336016,transactions,2021-07-01
2021,4,14.0,99595.57215925276,transactions,2021-10-01
2022,1,14.0,101980.88611246686,rosstat_index,2022-01-01
2022,2,14.0,106886.16673447652,rosstat_index,2022-04-01
2022,3,14.0,107238.89108470028,rosstat_index,2022-07-01
2022,4,14.0,106965.4319124343,rosstat_index,2022-10-01
2023,1,14.0,107040.30771477301,rosstat_index,2023-01-01
2023,2,14.0,108153.52691500666,rosstat_index,2023-04-01
2023,3,14.0,109067.42421743846,rosstat_index,2023-07-01
2023,4,14.0,108293.04550549464,rosstat_index,2023-10-01
2024,1,14.0,109879.53862215014,rosstat_index,2024-01-01
2024,2,14.0,110395.97245367424,rosstat_index,2024-04-01
2024,3,14.0,115849.53349288575,rosstat_index,2024-07-01
2024,4,14.0,115241.3234420481,rosstat_index,2024-10-01
2025,1,14.0,116359.16427943596,rosstat_index,2025-01-01
2025,2,14.0,115707.55295947113,rosstat_index,2025-04-01
2025,3,14.0,122725.21604646304,rosstat_index,2025-07-01
2025,4,14.0,122909.30387053273,rosstat_index,2025-10-01
2026,1,14.0,125355.19901755633,rosstat_index,2026-01-01
2018,3,15.0,38027.95031055901,transactions,2018-07-01
2018,4,15.0,38284.3137254902,transactions,2018-10-01
2019,1,15.0,38320.51282051282,transactions,2019-01-01
2019,2,15.0,38461.53846153846,transactions,2019-04-01
2019,3,15.0,39175.257731958765,transactions,2019-07-01
2019,4,15.0,38745.49185424698,transactions,2019-10-01
2020,1,15.0,40677.96610169492,transactions,2020-01-01
2020,2,15.0,40384.61538461538,transactions,2020-04-01
2020,3,15.0,41304.34782608696,transactions,2020-07-01
2020,4,15.0,41855.03685503686,transactions,2020-10-01
2021,1,15.0,45057.73379012816,transactions,2021-01-01
2021,2,15.0,46000.0,transactions,2021-04-01
2021,3,15.0,49230.769230769234,transactions,2021-07-01
2021,4,15.0,52696.07843137255,transactions,2021-10-01
2022,1,15.0,54366.54411764706,rosstat_index,2022-01-01
2022,2,15.0,55491.93158088235,rosstat_index,2022-04-01
2022,3,15.0,57614.49796385111,rosstat_index,2022-07-01
2022,4,15.0,59026.05316396546,rosstat_index,2022-10-01
2023,1,15.0,60672.88004724009,rosstat_index,2023-01-01
2023,2,15.0,61410.05553981406,rosstat_index,2023-04-01
2023,3,15.0,62457.09698676788,rosstat_index,2023-07-01
2023,4,15.0,65261.420641473764,rosstat_index,2023-10-01
2024,1,15.0,73164.57868115623,rosstat_index,2024-01-01
2024,2,15.0,74777.85764107572,rosstat_index,2024-04-01
2024,3,15.0,71308.1650465298,rosstat_index,2024-07-01
2024,4,15.0,73550.80683724317,rosstat_index,2024-10-01
2025,1,15.0,73598.61486168738,rosstat_index,2025-01-01
2025,2,15.0,74816.67193764831,rosstat_index,2025-04-01
2025,3,15.0,74970.0461151205,rosstat_index,2025-07-01
2025,4,15.0,75749.73459471775,rosstat_index,2025-10-01
2026,1,15.0,77340.47902120682,rosstat_index,2026-01-01
2018,1,16.0,70209.46385934447,transactions,2018-01-01
2018,2,16.0,42613.63636363636,transactions,2018-04-01
2018,3,16.0,62391.68110918544,transactions,2018-07-01
2018,4,16.0,61258.272251308896,transactions,2018-10-01
2019,1,16.0,65934.06593406593,transactions,2019-01-01
2019,2,16.0,67592.5925925926,transactions,2019-04-01
2019,3,16.0,69672.33169593284,transactions,2019-07-01
2019,4,16.0,69878.83308064753,transactions,2019-10-01
2020,1,16.0,69600.0,transactions,2020-01-01
2020,2,16.0,70476.19047619047,transactions,2020-04-01
2020,3,16.0,69501.32437619961,transactions,2020-07-01
2020,4,16.0,73333.33333333333,transactions,2020-10-01
2021,1,16.0,84139.26499032881,transactions,2021-01-01
2021,2,16.0,93593.58407360004,transactions,2021-04-01
2021,3,16.0,96625.41755238383,transactions,2021-07-01
2021,4,16.0,103191.48936170212,transactions,2021-10-01
2022,1,16.0,111224.94680851063,rosstat_index,2022-01-01
2022,2,16.0,112726.48359042552,rosstat_index,2022-04-01
2022,3,16.0,121147.1519146303,rosstat_index,2022-07-01
2022,4,16.0,125235.86829174908,rosstat_index,2022-10-01
2023,1,16.0,126989.17044783357,rosstat_index,2023-01-01
2023,2,16.0,122544.54948215939,rosstat_index,2023-04-01
2023,3,16.0,123316.580143897,rosstat_index,2023-07-01
2023,4,16.0,122348.54498976741,rosstat_index,2023-10-01
2024,1,16.0,126031.2361939594,rosstat_index,2024-01-01
2024,2,16.0,125407.38157479929,rosstat_index,2024-04-01
2024,3,16.0,126837.025724752,rosstat_index,2024-07-01
2024,4,16.0,130147.47209616803,rosstat_index,2024-10-01
2025,1,16.0,130889.31268711617,rosstat_index,2025-01-01
2025,2,16.0,132963.90829320697,rosstat_index,2025-04-01
2025,3,16.0,135762.79856277897,rosstat_index,2025-07-01
2025,4,16.0,138328.7154556155,rosstat_index,2025-10-01
2026,1,16.0,142423.24543310172,rosstat_index,2026-01-01
2018,2,18.0,46042.53177859963,transactions,2018-04-01
2018,3,18.0,44517.540963762614,transactions,2018-07-01
2018,4,18.0,45540.79696394687,transactions,2018-10-01
2019,1,18.0,46363.63636363636,transactions,2019-01-01
2019,2,18.0,47039.21568627451,transactions,2019-04-01
2019,3,18.0,48613.376835236544,transactions,2019-07-01
2019,4,18.0,49858.743686868685,transactions,2019-10-01
2020,1,18.0,50000.0,transactions,2020-01-01
2020,2,18.0,50725.56390977444,transactions,2020-04-01
2020,3,18.0,51713.77237233087,transactions,2020-07-01
2020,4,18.0,53774.29245283019,transactions,2020-10-01
2021,1,18.0,57292.307692307695,transactions,2021-01-01
2021,2,18.0,59618.769230769234,transactions,2021-04-01
2021,3,18.0,62285.71428571428,transactions,2021-07-01
2021,4,18.0,66000.0,transactions,2021-10-01
2022,1,18.0,69623.40000000001,rosstat_index,2022-01-01
2022,2,18.0,71572.8552,rosstat_index,2022-04-01
2022,3,18.0,71805.46697940001,rosstat_index,2022-07-01
2022,4,18.0,73302.6109659205,rosstat_index,2022-10-01
2023,1,18.0,71620.31604425261,rosstat_index,2023-01-01
2023,2,18.0,72057.19997212256,rosstat_index,2023-04-01
2023,3,18.0,72482.33745195808,rosstat_index,2023-07-01
2023,4,18.0,74812.64460103854,rosstat_index,2023-10-01
2024,1,18.0,76611.88870369352,rosstat_index,2024-01-01
2024,2,18.0,78772.34396513767,rosstat_index,2024-04-01
2024,3,18.0,80107.53519534675,rosstat_index,2024-07-01
2024,4,18.0,84601.5679198057,rosstat_index,2024-10-01
2025,1,18.0,89017.76976521956,rosstat_index,2025-01-01
2025,2,18.0,91634.89219631701,rosstat_index,2025-04-01
2025,3,18.0,90324.51323790968,rosstat_index,2025-07-01
2025,4,18.0,103805.44683866769,rosstat_index,2025-10-01
2026,1,18.0,104516.51414951257,rosstat_index,2026-01-01
2018,3,19.0,32835.14492753623,transactions,2018-07-01
2018,4,19.0,41178.20430274639,transactions,2018-10-01
2019,1,19.0,43170.454545454544,transactions,2019-01-01
2019,2,19.0,44318.181818181816,transactions,2019-04-01
2019,3,19.0,44117.64705882353,transactions,2019-07-01
2019,4,19.0,45238.09523809524,transactions,2019-10-01
2020,1,19.0,46035.71428571429,transactions,2020-01-01
2020,2,19.0,47619.04761904762,transactions,2020-04-01
2020,3,19.0,49574.53954539786,transactions,2020-07-01
2020,4,19.0,53815.78947368421,transactions,2020-10-01
2021,1,19.0,58383.23353293414,transactions,2021-01-01
2021,2,19.0,63471.502590673575,transactions,2021-04-01
2021,3,19.0,67857.14285714286,transactions,2021-07-01
2021,4,19.0,70461.53846153847,transactions,2021-10-01
2022,1,19.0,80044.3076923077,rosstat_index,2022-01-01
2022,2,19.0,83005.9470769231,rosstat_index,2022-04-01
2022,3,19.0,84180.48122806156,rosstat_index,2022-07-01
2022,4,19.0,84563.50241764926,rosstat_index,2022-10-01
2023,1,19.0,84715.71672200105,rosstat_index,2023-01-01
2023,2,19.0,85884.79361276467,rosstat_index,2023-04-01
2023,3,19.0,87151.59431855295,rosstat_index,2023-07-01
2023,4,19.0,91034.19784544448,rosstat_index,2023-10-01
2024,1,19.0,96195.83686328119,rosstat_index,2024-01-01
2024,2,19.0,98773.88529121714,rosstat_index,2024-04-01
2024,3,19.0,100220.92271073347,rosstat_index,2024-07-01
2024,4,19.0,100661.8947706607,rosstat_index,2024-10-01
2025,1,19.0,99705.60677033944,rosstat_index,2025-01-01
2025,2,19.0,102457.48151720081,rosstat_index,2025-04-01
2025,3,19.0,100961.60228704967,rosstat_index,2025-07-01
2025,4,19.0,100280.11147161208,rosstat_index,2025-10-01
2026,1,19.0,98525.20952085886,rosstat_index,2026-01-01
2018,3,21.0,29729.72972972973,transactions,2018-07-01
2018,4,21.0,40195.43973941368,transactions,2018-10-01
2019,1,21.0,40948.27586206897,transactions,2019-01-01
2019,2,21.0,42016.80672268907,transactions,2019-04-01
2019,3,21.0,41818.181818181816,transactions,2019-07-01
2019,4,21.0,42746.83171234896,transactions,2019-10-01
2020,1,21.0,43157.89473684211,transactions,2020-01-01
2020,2,21.0,43970.58823529412,transactions,2020-04-01
2020,3,21.0,44492.42424242424,transactions,2020-07-01
2020,4,21.0,45763.13276719139,transactions,2020-10-01
2021,1,21.0,48000.0,transactions,2021-01-01
2021,2,21.0,50425.53191489362,transactions,2021-04-01
2021,3,21.0,52905.101275318826,transactions,2021-07-01
2021,4,21.0,59259.25925925926,transactions,2021-10-01
2022,1,21.0,64850.37037037037,rosstat_index,2022-01-01
2022,2,21.0,66808.85155555555,rosstat_index,2022-04-01
2022,3,21.0,67116.1722727111,rosstat_index,2022-07-01
2022,4,21.0,70408.22052268758,rosstat_index,2022-10-01
2023,1,21.0,72115.61987036276,rosstat_index,2023-01-01
2023,2,21.0,75505.05400426981,rosstat_index,2023-04-01
2023,3,21.0,77177.49095046439,rosstat_index,2023-07-01
2023,4,21.0,81418.39407819242,rosstat_index,2023-10-01
2024,1,21.0,83185.17322968919,rosstat_index,2024-01-01
2024,2,21.0,86021.78763682158,rosstat_index,2024-04-01
2024,3,21.0,88327.17154548841,rosstat_index,2024-07-01
2024,4,21.0,88733.47653459766,rosstat_index,2024-10-01
2025,1,21.0,87584.37801347462,rosstat_index,2025-01-01
2025,2,21.0,89064.55400190235,rosstat_index,2025-04-01
2025,3,21.0,88632.59091499312,rosstat_index,2025-07-01
2025,4,21.0,86305.98540347455,rosstat_index,2025-10-01
2026,1,21.0,91380.77734519886,rosstat_index,2026-01-01
2018,2,22.0,32954.545454545456,transactions,2018-04-01
2018,3,22.0,43100.38751571009,transactions,2018-07-01
2018,4,22.0,43500.0,transactions,2018-10-01
2019,1,22.0,43055.55555555556,transactions,2019-01-01
2019,2,22.0,43384.851360429966,transactions,2019-04-01
2019,3,22.0,44186.04651162791,transactions,2019-07-01
2019,4,22.0,46000.0,transactions,2019-10-01
2020,1,22.0,44827.58620689655,transactions,2020-01-01
2020,2,22.0,45283.018867924526,transactions,2020-04-01
2020,3,22.0,47406.89655172414,transactions,2020-07-01
2020,4,22.0,51666.66666666666,transactions,2020-10-01
2021,1,22.0,56999.99999999999,transactions,2021-01-01
2021,2,22.0,59000.0,transactions,2021-04-01
2021,3,22.0,61666.66666666666,transactions,2021-07-01
2021,4,22.0,67954.54545454546,transactions,2021-10-01
2022,1,22.0,76098.89772727274,rosstat_index,2022-01-01
2022,2,22.0,84884.51546988638,rosstat_index,2022-04-01
2022,3,22.0,91225.38877548689,rosstat_index,2022-07-01
2022,4,22.0,89957.35587150762,rosstat_index,2022-10-01
2023,1,22.0,91864.45181598357,rosstat_index,2023-01-01
2023,2,22.0,97624.35294484574,rosstat_index,2023-04-01
2023,3,22.0,100626.30179789975,rosstat_index,2023-07-01
2023,4,22.0,105899.1200121097,rosstat_index,2023-10-01
2024,1,22.0,110796.95431266978,rosstat_index,2024-01-01
2024,2,22.0,114065.46446489355,rosstat_index,2024-04-01
2024,3,22.0,117236.4843770176,rosstat_index,2024-07-01
2024,4,22.0,119610.52318565222,rosstat_index,2024-10-01
2025,1,22.0,122158.2273295066,rosstat_index,2025-01-01
2025,2,22.0,120814.48682888203,rosstat_index,2025-04-01
2025,3,22.0,122107.20183795106,rosstat_index,2025-07-01
2025,4,22.0,123187.85057421692,rosstat_index,2025-10-01
2026,1,22.0,128201.59609258754,rosstat_index,2026-01-01
2018,1,23.0,40518.57585139319,transactions,2018-01-01
2018,2,23.0,52389.10012674271,transactions,2018-04-01
2018,3,23.0,52380.95238095238,transactions,2018-07-01
2018,4,23.0,52671.17117117117,transactions,2018-10-01
2019,1,23.0,54878.04878048781,transactions,2019-01-01
2019,2,23.0,55714.28571428572,transactions,2019-04-01
2019,3,23.0,56249.96875,transactions,2019-07-01
2019,4,23.0,57608.69565217391,transactions,2019-10-01
2020,1,23.0,58333.333333333336,transactions,2020-01-01
2020,2,23.0,59821.42857142857,transactions,2020-04-01
2020,3,23.0,61250.0,transactions,2020-07-01
2020,4,23.0,66666.66666666667,transactions,2020-10-01
2021,1,23.0,74074.07407407407,transactions,2021-01-01
2021,2,23.0,92941.17647058824,transactions,2021-04-01
2021,3,23.0,125000.0,transactions,2021-07-01
2021,4,23.0,124000.0,transactions,2021-10-01
2022,1,23.0,133126.4,rosstat_index,2022-01-01
2022,2,23.0,133499.15391999998,rosstat_index,2022-04-01
2022,3,23.0,130889.24546086398,rosstat_index,2022-07-01
2022,4,23.0,125319.90806650423,rosstat_index,2022-10-01
2023,1,23.0,128058.14805775735,rosstat_index,2023-01-01
2023,2,23.0,127994.11898372848,rosstat_index,2023-04-01
2023,3,23.0,129658.04253051696,rosstat_index,2023-07-01
2023,4,23.0,124076.2637995782,rosstat_index,2023-10-01
2024,1,23.0,123207.72995298116,rosstat_index,2024-01-01
2024,2,23.0,125111.28938075472,rosstat_index,2024-04-01
2024,3,23.0,129853.00724828531,rosstat_index,2024-07-01
2024,4,23.0,127872.74888774897,rosstat_index,2024-10-01
2025,1,23.0,130833.00302450034,rosstat_index,2025-01-01
2025,2,23.0,131860.04209824267,rosstat_index,2025-04-01
2025,3,23.0,124416.54272179687,rosstat_index,2025-07-01
2025,4,23.0,127564.28125265833,rosstat_index,2025-10-01
2026,1,23.0,126537.38878857442,rosstat_index,2026-01-01
2018,3,24.0,42345.84786341193,transactions,2018-07-01
2018,4,24.0,44991.90377052973,transactions,2018-10-01
2019,1,24.0,52439.0243902439,transactions,2019-01-01
2019,2,24.0,54598.3086680761,transactions,2019-04-01
2019,3,24.0,56263.26963906582,transactions,2019-07-01
2019,4,24.0,57083.333333333336,transactions,2019-10-01
2020,1,24.0,58000.0,transactions,2020-01-01
2020,2,24.0,58500.0,transactions,2020-04-01
2020,3,24.0,60975.60975609756,transactions,2020-07-01
2020,4,24.0,64398.53127562812,transactions,2020-10-01
2021,1,24.0,69364.16184971097,transactions,2021-01-01
2021,2,24.0,74123.98921832885,transactions,2021-04-01
2021,3,24.0,77000.0,transactions,2021-07-01
2021,4,24.0,81014.61135226168,transactions,2021-10-01
2022,1,24.0,85020.78388363101,rosstat_index,2022-01-01
2022,2,24.0,90840.45654046556,rosstat_index,2022-04-01
2022,3,24.0,92857.11467566389,rosstat_index,2022-07-01
2022,4,24.0,94468.18561528668,rosstat_index,2022-10-01
2023,1,24.0,95526.22929417789,rosstat_index,2023-01-01
2023,2,24.0,94069.45429744167,rosstat_index,2023-04-01
2023,3,24.0,96759.8406903485,rosstat_index,2023-07-01
2023,4,24.0,102076.79393628315,rosstat_index,2023-10-01
2024,1,24.0,105782.18155617022,rosstat_index,2024-01-01
2024,2,24.0,108326.24302259613,rosstat_index,2024-04-01
2024,3,24.0,110861.07710932488,rosstat_index,2024-07-01
2024,4,24.0,110589.46747040702,rosstat_index,2024-10-01
2025,1,24.0,112862.0810269239,rosstat_index,2025-01-01
2025,2,24.0,115062.89160694892,rosstat_index,2025-04-01
2025,3,24.0,116731.30353524968,rosstat_index,2025-07-01
2025,4,24.0,118563.98500075309,rosstat_index,2025-10-01
2026,1,24.0,121522.15642652189,rosstat_index,2026-01-01
2018,1,26.0,33720.93023255814,transactions,2018-01-01
2018,3,26.0,43156.015037593985,transactions,2018-07-01
2018,4,26.0,39830.50847457627,transactions,2018-10-01
2019,1,26.0,41880.34188034188,transactions,2019-01-01
2019,2,26.0,42500.0,transactions,2019-04-01
2019,3,26.0,43548.3870967742,transactions,2019-07-01
2019,4,26.0,45000.0,transactions,2019-10-01
2020,1,26.0,45620.7057567874,transactions,2020-01-01
2020,2,26.0,47436.87834736037,transactions,2020-04-01
2020,3,26.0,48611.11111111111,transactions,2020-07-01
2020,4,26.0,52358.49056603774,transactions,2020-10-01
2021,1,26.0,54347.82608695652,transactions,2021-01-01
2021,2,26.0,57377.04918032787,transactions,2021-04-01
2021,3,26.0,62222.22222222222,transactions,2021-07-01
2021,4,26.0,68000.0,transactions,2021-10-01
2022,1,26.0,74218.6,rosstat_index,2022-01-01
2022,2,26.0,74864.30182000001,rosstat_index,2022-04-01
2022,3,26.0,80336.88228304201,rosstat_index,2022-07-01
2022,4,26.0,82803.2245691314,rosstat_index,2022-10-01
2023,1,26.0,80729.00379367467,rosstat_index,2023-01-01
2023,2,26.0,81213.37781643671,rosstat_index,2023-04-01
2023,3,26.0,82313.81908584943,rosstat_index,2023-07-01
2023,4,26.0,84054.75635951516,rosstat_index,2023-10-01
2024,1,26.0,85437.45710162917,rosstat_index,2024-01-01
2024,2,26.0,88175.72760173639,rosstat_index,2024-04-01
2024,3,26.0,92183.3144212353,rosstat_index,2024-07-01
2024,4,26.0,93155.84838837935,rosstat_index,2024-10-01
2025,1,26.0,89839.50018575304,rosstat_index,2025-01-01
2025,2,26.0,88074.154007103,rosstat_index,2025-04-01
2025,3,26.0,91231.61242825765,rosstat_index,2025-07-01
2025,4,26.0,92627.45609840998,rosstat_index,2025-10-01
2026,1,26.0,94345.6954090355,rosstat_index,2026-01-01
2018,3,31.0,40431.266846361184,transactions,2018-07-01
2018,4,31.0,48192.77108433735,transactions,2018-10-01
2019,1,31.0,57459.67741935483,transactions,2019-01-01
2019,2,31.0,32467.38641475483,transactions,2019-04-01
2019,3,31.0,52951.60190865712,transactions,2019-07-01
2019,4,31.0,51595.744680851065,transactions,2019-10-01
2020,1,31.0,53890.55222887558,transactions,2020-01-01
2020,2,31.0,54545.454545454544,transactions,2020-04-01
2020,3,31.0,53744.493392070486,transactions,2020-07-01
2020,4,31.0,58582.58928571429,transactions,2020-10-01
2021,1,31.0,67213.11475409837,transactions,2021-01-01
2021,2,31.0,72043.01075268818,transactions,2021-04-01
2021,3,31.0,74666.66666666667,transactions,2021-07-01
2021,4,31.0,80208.33333333333,transactions,2021-10-01
2022,1,31.0,87884.27083333331,rosstat_index,2022-01-01
2022,2,31.0,92296.06122916665,rosstat_index,2022-04-01
2022,3,31.0,94409.64103131456,rosstat_index,2022-07-01
2022,4,31.0,93649.64342101249,rosstat_index,2022-10-01
2023,1,31.0,93382.7419372626,rosstat_index,2023-01-01
2023,2,31.0,92813.10721144531,rosstat_index,2023-04-01
2023,3,31.0,93476.72092800714,rosstat_index,2023-07-01
2023,4,31.0,94303.98990821998,rosstat_index,2023-10-01
2024,1,31.0,95501.6505800544,rosstat_index,2024-01-01
2024,2,31.0,95816.80602696858,rosstat_index,2024-04-01
2024,3,31.0,95337.72199683374,rosstat_index,2024-07-01
2024,4,31.0,96500.8422051951,rosstat_index,2024-10-01
2025,1,31.0,97755.35315386264,rosstat_index,2025-01-01
2025,2,31.0,98512.95714080508,rosstat_index,2025-04-01
2025,3,31.0,100729.4986764732,rosstat_index,2025-07-01
2025,4,31.0,102572.84850225267,rosstat_index,2025-10-01
2026,1,31.0,103562.67649029942,rosstat_index,2026-01-01
2018,3,36.0,40206.34920634921,transactions,2018-07-01
2018,4,36.0,44047.619047619046,transactions,2018-10-01
2019,1,36.0,44992.700729927004,transactions,2019-01-01
2019,2,36.0,43511.14634146341,transactions,2019-04-01
2019,3,36.0,46070.460704607045,transactions,2019-07-01
2019,4,36.0,47020.77319587629,transactions,2019-10-01
2020,1,36.0,49234.92121358441,transactions,2020-01-01
2020,2,36.0,47993.63057324841,transactions,2020-04-01
2020,3,36.0,50232.558139534885,transactions,2020-07-01
2020,4,36.0,55479.06976744186,transactions,2020-10-01
2021,1,36.0,57954.545454545456,transactions,2021-01-01
2021,2,36.0,62279.81794538361,transactions,2021-04-01
2021,3,36.0,67415.37113512645,transactions,2021-07-01
2021,4,36.0,67000.0,transactions,2021-10-01
2022,1,36.0,72524.15,rosstat_index,2022-01-01
2022,2,36.0,76835.7107175,rosstat_index,2022-04-01
2022,3,36.0,80120.43735067312,rosstat_index,2022-07-01
2022,4,36.0,82740.37565204014,rosstat_index,2022-10-01
2023,1,36.0,83377.47654456085,rosstat_index,2023-01-01
2023,2,36.0,84724.02279075552,rosstat_index,2023-04-01
2023,3,36.0,83953.03418335965,rosstat_index,2023-07-01
2023,4,36.0,86349.89330929457,rosstat_index,2023-10-01
2024,1,36.0,89393.72704844721,rosstat_index,2024-01-01
2024,2,36.0,86962.21767272946,rosstat_index,2024-04-01
2024,3,36.0,89410.2041002168,rosstat_index,2024-07-01
2024,4,36.0,92195.33195793856,rosstat_index,2024-10-01
2025,1,36.0,95223.94861275684,rosstat_index,2025-01-01
2025,2,36.0,96771.33777771413,rosstat_index,2025-04-01
2025,3,36.0,98977.724279046,rosstat_index,2025-07-01
2025,4,36.0,99586.43728336215,rosstat_index,2025-10-01
2026,1,36.0,101866.96669715113,rosstat_index,2026-01-01
2018,2,38.0,39166.66666666666,transactions,2018-04-01
2018,3,38.0,38128.08029811275,transactions,2018-07-01
2018,4,38.0,40000.0,transactions,2018-10-01
2019,1,38.0,39909.1667087776,transactions,2019-01-01
2019,2,38.0,44444.444444444445,transactions,2019-04-01
2019,3,38.0,43548.3870967742,transactions,2019-07-01
2019,4,38.0,43939.393939393936,transactions,2019-10-01
2020,1,38.0,50000.0,transactions,2020-01-01
2020,2,38.0,55764.1196013289,transactions,2020-04-01
2020,3,38.0,57650.5016722408,transactions,2020-07-01
2020,4,38.0,61666.66666666666,transactions,2020-10-01
2021,1,38.0,72705.88235294117,transactions,2021-01-01
2021,2,38.0,75376.88442211055,transactions,2021-04-01
2021,3,38.0,76647.16070414537,transactions,2021-07-01
2021,4,38.0,83333.33333333333,transactions,2021-10-01
2022,1,38.0,87741.66666666666,rosstat_index,2022-01-01
2022,2,38.0,89579.85458333332,rosstat_index,2022-04-01
2022,3,38.0,91908.93080249999,rosstat_index,2022-07-01
2022,4,38.0,94799.46667623863,rosstat_index,2022-10-01
2023,1,38.0,94922.70598291773,rosstat_index,2023-01-01
2023,2,38.0,96939.81348505472,rosstat_index,2023-04-01
2023,3,38.0,101418.43286806425,rosstat_index,2023-07-01
2023,4,38.0,105708.43257838335,rosstat_index,2023-10-01
2024,1,38.0,110158.75758993327,rosstat_index,2024-01-01
2024,2,38.0,111541.24999768693,rosstat_index,2024-04-01
2024,3,38.0,115478.65612260527,rosstat_index,2024-07-01
2024,4,38.0,117482.21080633248,rosstat_index,2024-10-01
2025,1,38.0,119279.68863166937,rosstat_index,2025-01-01
2025,2,38.0,109254.23080217757,rosstat_index,2025-04-01
2025,3,38.0,116568.80155438336,rosstat_index,2025-07-01
2025,4,38.0,120089.17936132573,rosstat_index,2025-10-01
2026,1,38.0,123505.71651415546,rosstat_index,2026-01-01
2018,4,39.0,50559.390921966,transactions,2018-10-01
2019,1,39.0,39549.54954954955,transactions,2019-01-01
2019,2,39.0,108433.58395989974,transactions,2019-04-01
2019,3,39.0,186544.2469684347,transactions,2019-07-01
2019,4,39.0,59701.49253731344,transactions,2019-10-01
2020,1,39.0,59478.57142857142,transactions,2020-01-01
2020,2,39.0,59500.00000000001,transactions,2020-04-01
2020,3,39.0,65573.77049180327,transactions,2020-07-01
2020,4,39.0,76747.9674796748,transactions,2020-10-01
2021,1,39.0,80000.0,transactions,2021-01-01
2021,2,39.0,89130.43478260869,transactions,2021-04-01
2021,3,39.0,93103.44827586209,transactions,2021-07-01
2021,4,39.0,100055.43237250554,transactions,2021-10-01
2022,1,39.0,108775.2633037694,rosstat_index,2022-01-01
2022,2,39.0,121768.46850540464,rosstat_index,2022-04-01
2022,3,39.0,131351.64697678,rosstat_index,2022-07-01
2022,4,39.0,128186.07228463961,rosstat_index,2022-10-01
2023,1,39.0,127404.13724370328,rosstat_index,2023-01-01
2023,2,39.0,125448.48373701244,rosstat_index,2023-04-01
2023,3,39.0,124658.15828946927,rosstat_index,2023-07-01
2023,4,39.0,126870.84059910735,rosstat_index,2023-10-01
2024,1,39.0,130391.5064257326,rosstat_index,2024-01-01
2024,2,39.0,132979.77782828338,rosstat_index,2024-04-01
2024,3,39.0,136703.2116074753,rosstat_index,2024-07-01
2024,4,39.0,142267.03231989953,rosstat_index,2024-10-01
2025,1,39.0,145347.11356962533,rosstat_index,2025-01-01
2025,2,39.0,149751.13111078498,rosstat_index,2025-04-01
2025,3,39.0,150814.36414167154,rosstat_index,2025-07-01
2025,4,39.0,152699.54369344245,rosstat_index,2025-10-01
2026,1,39.0,158219.6321979604,rosstat_index,2026-01-01
2018,3,42.0,32698.37269585254,transactions,2018-07-01
2018,4,42.0,40165.900066831775,transactions,2018-10-01
2019,1,42.0,41071.42857142857,transactions,2019-01-01
2019,2,42.0,37704.30107526881,transactions,2019-04-01
2019,3,42.0,43181.81818181818,transactions,2019-07-01
2019,4,42.0,43750.0,transactions,2019-10-01
2020,1,42.0,44769.15454023887,transactions,2020-01-01
2020,2,42.0,40000.0,transactions,2020-04-01
2020,3,42.0,38160.67653276956,transactions,2020-07-01
2020,4,42.0,41376.27489072365,transactions,2020-10-01
2021,1,42.0,50500.0,transactions,2021-01-01
2021,2,42.0,52205.882352941175,transactions,2021-04-01
2021,3,42.0,55658.62708719852,transactions,2021-07-01
2021,4,42.0,57295.83333333333,transactions,2021-10-01
2022,1,42.0,77111.59729166667,rosstat_index,2022-01-01
2022,2,42.0,81576.35877485416,rosstat_index,2022-04-01
2022,3,42.0,83093.67904806645,rosstat_index,2022-07-01
2022,4,42.0,82923.33700601791,rosstat_index,2022-10-01
2023,1,42.0,84196.21022906029,rosstat_index,2023-01-01
2023,2,42.0,82356.52303555532,rosstat_index,2023-04-01
2023,3,42.0,85576.66308624552,rosstat_index,2023-07-01
2023,4,42.0,87823.05049225947,rosstat_index,2023-10-01
2024,1,42.0,89254.5662152833,rosstat_index,2024-01-01
2024,2,42.0,92958.63071321756,rosstat_index,2024-04-01
2024,3,42.0,94641.18192912679,rosstat_index,2024-07-01
2024,4,42.0,93354.06185489066,rosstat_index,2024-10-01
2025,1,42.0,94376.28883220171,rosstat_index,2025-01-01
2025,2,42.0,97750.24115795291,rosstat_index,2025-04-01
2025,3,42.0,100325.96001246497,rosstat_index,2025-07-01
2025,4,42.0,101720.49085663824,rosstat_index,2025-10-01
2026,1,42.0,102666.49142160498,rosstat_index,2026-01-01
2018,4,44.0,38149.197860962566,transactions,2018-10-01
2019,2,44.0,35528.84615384616,transactions,2019-04-01
2019,3,44.0,52145.447219983886,transactions,2019-07-01
2019,4,44.0,45445.971982137715,transactions,2019-10-01
2020,1,44.0,48529.41176470588,transactions,2020-01-01
2020,2,44.0,49975.606060606064,transactions,2020-04-01
2020,3,44.0,52000.0,transactions,2020-07-01
2020,4,44.0,53623.188405797104,transactions,2020-10-01
2021,1,44.0,54380.664652567975,transactions,2021-01-01
2021,2,44.0,57471.2643678161,transactions,2021-04-01
2021,3,44.0,60000.0,transactions,2021-07-01
2021,4,44.0,64277.14970880438,transactions,2021-10-01
2022,1,44.0,66575.05781089413,rosstat_index,2022-01-01
2022,2,44.0,69704.08552800615,rosstat_index,2022-04-01
2022,3,44.0,73705.1000373137,rosstat_index,2022-07-01
2022,4,44.0,76432.18873869431,rosstat_index,2022-10-01
2023,1,44.0,75874.23376090184,rosstat_index,2023-01-01
2023,2,44.0,77315.84420235899,rosstat_index,2023-04-01
2023,3,44.0,76790.09646178294,rosstat_index,2023-07-01
2023,4,44.0,77120.29387656861,rosstat_index,2023-10-01
2024,1,44.0,79503.31095735458,rosstat_index,2024-01-01
2024,2,44.0,81292.13545389505,rosstat_index,2024-04-01
2024,3,44.0,81438.46129771207,rosstat_index,2024-07-01
2024,4,44.0,81365.16668254412,rosstat_index,2024-10-01
2025,1,44.0,83220.29248290612,rosstat_index,2025-01-01
2025,2,44.0,86037.29938345248,rosstat_index,2025-04-01
2025,3,44.0,87801.06402081325,rosstat_index,2025-07-01
2025,4,44.0,90843.37088913444,rosstat_index,2025-10-01
2026,1,44.0,92115.17808158234,rosstat_index,2026-01-01
2018,2,47.0,74990.25974025973,transactions,2018-04-01
2018,3,47.0,67432.43243243243,transactions,2018-07-01
2018,4,47.0,67441.86046511628,transactions,2018-10-01
2019,1,47.0,70866.14173228346,transactions,2019-01-01
2019,2,47.0,74385.7453395692,transactions,2019-04-01
2019,3,47.0,75542.62276909433,transactions,2019-07-01
2019,4,47.0,75782.0136852395,transactions,2019-10-01
2020,1,47.0,86501.64705882352,transactions,2020-01-01
2020,2,47.0,88397.79005524861,transactions,2020-04-01
2020,3,47.0,91666.66666666669,transactions,2020-07-01
2020,4,47.0,97937.30329041489,transactions,2020-10-01
2021,1,47.0,111782.47734138972,transactions,2021-01-01
2021,2,47.0,121353.26911850556,transactions,2021-04-01
2021,3,47.0,125984.50756319934,transactions,2021-07-01
2021,4,47.0,131400.0,transactions,2021-10-01
2022,1,47.0,141544.08,rosstat_index,2022-01-01
2022,2,47.0,157609.33307999998,rosstat_index,2022-04-01
2022,3,47.0,171754.77072392998,rosstat_index,2022-07-01
2022,4,47.0,173111.63341264904,rosstat_index,2022-10-01
2023,1,47.0,169649.4007443961,rosstat_index,2023-01-01
2023,2,47.0,158469.50523534036,rosstat_index,2023-04-01
2023,3,47.0,165172.76530679525,rosstat_index,2023-07-01
2023,4,47.0,166849.26887465923,rosstat_index,2023-10-01
2024,1,47.0,169935.98034884044,rosstat_index,2024-01-01
2024,2,47.0,168848.3900746079,rosstat_index,2024-04-01
2024,3,47.0,168063.24506076094,rosstat_index,2024-07-01
2024,4,47.0,165836.40706370585,rosstat_index,2024-10-01
2025,1,47.0,170247.6554916004,rosstat_index,2025-01-01
2025,2,47.0,173295.08852490003,rosstat_index,2025-04-01
2025,3,47.0,179256.4395701566,rosstat_index,2025-07-01
2025,4,47.0,179740.43195699604,rosstat_index,2025-10-01
2026,1,47.0,186921.06221367803,rosstat_index,2026-01-01
2018,1,50.0,109265.4486251809,transactions,2018-01-01
2018,2,50.0,70967.74193548386,transactions,2018-04-01
2018,3,50.0,78719.723183391,transactions,2018-07-01
2018,4,50.0,79458.59872611465,transactions,2018-10-01
2019,1,50.0,82258.06451612903,transactions,2019-01-01
2019,2,50.0,81666.66666666667,transactions,2019-04-01
2019,3,50.0,85069.05673533297,transactions,2019-07-01
2019,4,50.0,89814.81481481482,transactions,2019-10-01
2020,1,50.0,90000.0,transactions,2020-01-01
2020,2,50.0,94124.95753467352,transactions,2020-04-01
2020,3,50.0,98544.23786570616,transactions,2020-07-01
2020,4,50.0,113500.0,transactions,2020-10-01
2021,1,50.0,129540.24294670846,transactions,2021-01-01
2021,2,50.0,133300.0,transactions,2021-04-01
2021,3,50.0,138709.67741935485,transactions,2021-07-01
2021,4,50.0,148876.404494382,transactions,2021-10-01
2022,1,50.0,167783.7078651685,rosstat_index,2022-01-01
2022,2,50.0,173891.0348314606,rosstat_index,2022-04-01
2022,3,50.0,182698.61574567406,rosstat_index,2022-07-01
2022,4,50.0,184918.403926984,rosstat_index,2022-10-01
2023,1,50.0,182311.05443161353,rosstat_index,2023-01-01
2023,2,50.0,184444.09376846344,rosstat_index,2023-04-01
2023,3,50.0,192799.41121617483,rosstat_index,2023-07-01
2023,4,50.0,202526.14151203085,rosstat_index,2023-10-01
2024,1,50.0,203326.11977100337,rosstat_index,2024-01-01
2024,2,50.0,205644.0375363928,rosstat_index,2024-04-01
2024,3,50.0,209006.31755011278,rosstat_index,2024-07-01
2024,4,50.0,205076.9987801707,rosstat_index,2024-10-01
2025,1,50.0,204810.3986817565,rosstat_index,2025-01-01
2025,2,50.0,204298.37268505208,rosstat_index,2025-04-01
2025,3,50.0,207025.7559603975,rosstat_index,2025-07-01
2025,4,50.0,213422.85181957379,rosstat_index,2025-10-01
2026,1,50.0,222109.16188863042,rosstat_index,2026-01-01
2018,1,52.0,61753.272840343736,transactions,2018-01-01
2018,2,52.0,46540.95904095904,transactions,2018-04-01
2018,3,52.0,53939.93068391867,transactions,2018-07-01
2018,4,52.0,55884.99226006192,transactions,2018-10-01
2019,1,52.0,49758.4541062802,transactions,2019-01-01
2019,2,52.0,58823.52941176471,transactions,2019-04-01
2019,3,52.0,55178.57142857143,transactions,2019-07-01
2019,4,52.0,55907.99763337964,transactions,2019-10-01
2020,1,52.0,57894.73684210526,transactions,2020-01-01
2020,2,52.0,60000.0,transactions,2020-04-01
2020,3,52.0,64220.18348623853,transactions,2020-07-01
2020,4,52.0,74156.87760515347,transactions,2020-10-01
2021,1,52.0,78571.42857142857,transactions,2021-01-01
2021,2,52.0,84375.0,transactions,2021-04-01
2021,3,52.0,86774.19354838709,transactions,2021-07-01
2021,4,52.0,91666.66666666669,transactions,2021-10-01
2022,1,52.0,100301.66666666669,rosstat_index,2022-01-01
2022,2,52.0,112026.93150000002,rosstat_index,2022-04-01
2022,3,52.0,115348.53001897503,rosstat_index,2022-07-01
2022,4,52.0,118762.8465075367,rosstat_index,2022-10-01
2023,1,52.0,120342.39236608693,rosstat_index,2023-01-01
2023,2,52.0,119572.20105494397,rosstat_index,2023-04-01
2023,3,52.0,123207.19596701427,rosstat_index,2023-07-01
2023,4,52.0,130260.80793612583,rosstat_index,2023-10-01
2024,1,52.0,133992.78008349583,rosstat_index,2024-01-01
2024,2,52.0,135761.48478059797,rosstat_index,2024-04-01
2024,3,52.0,140981.51387041196,rosstat_index,2024-07-01
2024,4,52.0,144696.3767608973,rosstat_index,2024-10-01
2025,1,52.0,146794.4742239303,rosstat_index,2025-01-01
2025,2,52.0,147983.50946514413,rosstat_index,2025-04-01
2025,3,52.0,147265.78944423818,rosstat_index,2025-07-01
2025,4,52.0,147670.77036520984,rosstat_index,2025-10-01
2026,1,52.0,152034.4416295018,rosstat_index,2026-01-01
2018,3,54.0,47076.23470616233,transactions,2018-07-01
2018,4,54.0,34307.49682337992,transactions,2018-10-01
2019,1,54.0,34848.48484848485,transactions,2019-01-01
2019,2,54.0,35937.5,transactions,2019-04-01
2019,3,54.0,38441.82470527934,transactions,2019-07-01
2019,4,54.0,64655.1724137931,transactions,2019-10-01
2020,1,54.0,66528.06652806653,transactions,2020-01-01
2020,2,54.0,66718.99529042386,transactions,2020-04-01
2020,3,54.0,69808.02356020943,transactions,2020-07-01
2020,4,54.0,72857.14285714286,transactions,2020-10-01
2021,1,54.0,77000.0,transactions,2021-01-01
2021,2,54.0,81364.82939632545,transactions,2021-04-01
2021,3,54.0,83732.05741626795,transactions,2021-07-01
2021,4,54.0,91566.26506024096,transactions,2021-10-01
2022,1,54.0,98731.32530120481,rosstat_index,2022-01-01
2022,2,54.0,101885.7911445783,rosstat_index,2022-04-01
2022,3,54.0,106205.74868910841,rosstat_index,2022-07-01
2022,4,54.0,109243.2331016169,rosstat_index,2022-10-01
2023,1,54.0,125607.8694202391,rosstat_index,2023-01-01
2023,2,54.0,126681.81670378215,rosstat_index,2023-04-01
2023,3,54.0,124673.90990902722,rosstat_index,2023-07-01
2023,4,54.0,127585.04570540301,rosstat_index,2023-10-01
2024,1,54.0,131119.1514714427,rosstat_index,2024-01-01
2024,2,54.0,134947.83069440883,rosstat_index,2024-04-01
2024,3,54.0,138692.63299617867,rosstat_index,2024-07-01
2024,4,54.0,140037.9515362416,rosstat_index,2024-10-01
2025,1,54.0,141396.31966614313,rosstat_index,2025-01-01
2025,2,54.0,142067.9521845573,rosstat_index,2025-04-01
2025,3,54.0,142721.4647646063,rosstat_index,2025-07-01
2025,4,54.0,144762.38171074018,rosstat_index,2025-10-01
2026,1,54.0,145413.8124284385,rosstat_index,2026-01-01
2018,4,56.0,44844.89050821237,transactions,2018-10-01
2019,1,56.0,41935.48387096774,transactions,2019-01-01
2019,3,56.0,47499.08283308983,transactions,2019-07-01
2019,4,56.0,39475.63656241764,transactions,2019-10-01
2020,1,56.0,41073.47107438016,transactions,2020-01-01
2020,2,56.0,42894.73684210526,transactions,2020-04-01
2020,3,56.0,43026.706231454,transactions,2020-07-01
2020,4,56.0,43750.0,transactions,2020-10-01
2021,1,56.0,46006.94444444444,transactions,2021-01-01
2021,2,56.0,48144.09595591215,transactions,2021-04-01
2021,3,56.0,50000.0,transactions,2021-07-01
2021,4,56.0,53731.34328358209,transactions,2021-10-01
2022,1,56.0,56673.13432835821,rosstat_index,2022-01-01
2022,2,56.0,56559.78805970149,rosstat_index,2022-04-01
2022,3,56.0,60188.09846373133,rosstat_index,2022-07-01
2022,4,56.0,61430.98269700738,rosstat_index,2022-10-01
2023,1,56.0,62585.88517171111,rosstat_index,2023-01-01
2023,2,56.0,67545.81657156922,rosstat_index,2023-04-01
2023,3,56.0,70436.77752083239,rosstat_index,2023-07-01
2023,4,56.0,71753.94526047196,rosstat_index,2023-10-01
2024,1,56.0,73590.84625914003,rosstat_index,2024-01-01
2024,2,56.0,74882.36561098794,rosstat_index,2024-04-01
2024,3,56.0,75855.83636393078,rosstat_index,2024-07-01
2024,4,56.0,76625.77310302468,rosstat_index,2024-10-01
2025,1,56.0,79012.6659351839,rosstat_index,2025-01-01
2025,2,56.0,80162.30022454083,rosstat_index,2025-04-01
2025,3,56.0,82567.16923127705,rosstat_index,2025-07-01
2025,4,56.0,83500.17824359048,rosstat_index,2025-10-01
2026,1,56.0,85024.05649653598,rosstat_index,2026-01-01
2018,2,59.0,42372.8813559322,transactions,2018-04-01
2018,3,59.0,47000.0,transactions,2018-07-01
2018,4,59.0,48000.0,transactions,2018-10-01
2019,1,59.0,50000.0,transactions,2019-01-01
2019,2,59.0,52888.88888888889,transactions,2019-04-01
2019,3,59.0,52147.23926380368,transactions,2019-07-01
2019,4,59.0,55565.27777777778,transactions,2019-10-01
2020,1,59.0,53915.6626506024,transactions,2020-01-01
2020,2,59.0,54538.61670484461,transactions,2020-04-01
2020,3,59.0,56072.60726072607,transactions,2020-07-01
2020,4,59.0,62052.50596658712,transactions,2020-10-01
2021,1,59.0,58189.2697466468,transactions,2021-01-01
2021,2,59.0,59405.94059405941,transactions,2021-04-01
2021,3,59.0,62150.013747594174,transactions,2021-07-01
2021,4,59.0,70171.67381974249,transactions,2021-10-01
2022,1,59.0,77241.46995708154,rosstat_index,2022-01-01
2022,2,59.0,80474.0254747854,rosstat_index,2022-04-01
2022,3,59.0,81942.67643970023,rosstat_index,2022-07-01
2022,4,59.0,80918.39298420398,rosstat_index,2022-10-01
2023,1,59.0,84134.89910532608,rosstat_index,2023-01-01
2023,2,59.0,85615.67332957983,rosstat_index,2023-04-01
2023,3,59.0,88291.1631211292,rosstat_index,2023-07-01
2023,4,59.0,91469.64499348986,rosstat_index,2023-10-01
2024,1,59.0,94254.89568354162,rosstat_index,2024-01-01
2024,2,59.0,95041.9240624992,rosstat_index,2024-04-01
2024,3,59.0,96130.1540930148,rosstat_index,2024-07-01
2024,4,59.0,98206.56542142392,rosstat_index,2024-10-01
2025,1,59.0,103288.7551819826,rosstat_index,2025-01-01
2025,2,59.0,104213.18954086136,rosstat_index,2025-04-01
2025,3,59.0,106026.49903887237,rosstat_index,2025-07-01
2025,4,59.0,104467.90950300093,rosstat_index,2025-10-01
2026,1,59.0,107152.73477722805,rosstat_index,2026-01-01
2018,2,60.0,35064.93506493507,transactions,2018-04-01
2018,3,60.0,34722.222222222226,transactions,2018-07-01
2018,4,60.0,36230.52959501558,transactions,2018-10-01
2019,1,60.0,36388.88888888889,transactions,2019-01-01
2019,2,60.0,37651.66686299918,transactions,2019-04-01
2019,3,60.0,38116.59192825112,transactions,2019-07-01
2019,4,60.0,37602.45901639344,transactions,2019-10-01
2020,1,60.0,37821.42857142857,transactions,2020-01-01
2020,2,60.0,39038.46153846154,transactions,2020-04-01
2020,3,60.0,39111.11111111111,transactions,2020-07-01
2020,4,60.0,43543.54354354355,transactions,2020-10-01
2021,1,60.0,46319.444444444445,transactions,2021-01-01
2021,2,60.0,51435.29411764706,transactions,2021-04-01
2021,3,60.0,52053.09603628476,transactions,2021-07-01
2021,4,60.0,59714.28571428572,transactions,2021-10-01
2022,1,60.0,65948.45714285715,rosstat_index,2022-01-01
2022,2,60.0,68632.55934857143,rosstat_index,2022-04-01
2022,3,60.0,72036.73429226059,rosstat_index,2022-07-01
2022,4,60.0,72793.12000232932,rosstat_index,2022-10-01
2023,1,60.0,75897.74657042866,rosstat_index,2023-01-01
2023,2,60.0,76205.1324440389,rosstat_index,2023-04-01
2023,3,60.0,77988.33254322941,rosstat_index,2023-07-01
2023,4,60.0,80897.29734709187,rosstat_index,2023-10-01
2024,1,60.0,83303.99194316784,rosstat_index,2024-01-01
2024,2,60.0,83154.04475767014,rosstat_index,2024-04-01
2024,3,60.0,83303.72203823394,rosstat_index,2024-07-01
2024,4,60.0,84669.90307966099,rosstat_index,2024-10-01
2025,1,60.0,85033.98366290353,rosstat_index,2025-01-01
2025,2,60.0,86326.50021457966,rosstat_index,2025-04-01
2025,3,60.0,86883.3061409637,rosstat_index,2025-07-01
2025,4,60.0,87656.56756561829,rosstat_index,2025-10-01
2026,1,60.0,90005.76357637686,rosstat_index,2026-01-01
2018,2,61.0,65243.90243902439,transactions,2018-04-01
2018,3,61.0,51785.71428571428,transactions,2018-07-01
2018,4,61.0,52083.333333333336,transactions,2018-10-01
2019,1,61.0,52307.69230769231,transactions,2019-01-01
2019,2,61.0,51562.5,transactions,2019-04-01
2019,3,61.0,53703.7037037037,transactions,2019-07-01
2019,4,61.0,53684.21052631579,transactions,2019-10-01
2020,1,61.0,52147.37793851718,transactions,2020-01-01
2020,2,61.0,52999.99999999999,transactions,2020-04-01
2020,3,61.0,53846.15384615384,transactions,2020-07-01
2020,4,61.0,56962.17619325104,transactions,2020-10-01
2021,1,61.0,63571.42857142857,transactions,2021-01-01
2021,2,61.0,64285.71428571428,transactions,2021-04-01
2021,3,61.0,68292.68292682926,transactions,2021-07-01
2021,4,61.0,77000.0,transactions,2021-10-01
2022,1,61.0,83456.45,rosstat_index,2022-01-01
2022,2,61.0,90370.8168825,rosstat_index,2022-04-01
2022,3,61.0,94925.506053378,rosstat_index,2022-07-01
2022,4,61.0,95324.19317880219,rosstat_index,2022-10-01
2023,1,61.0,95834.17761230879,rosstat_index,2023-01-01
2023,2,61.0,97051.27166798511,rosstat_index,2023-04-01
2023,3,61.0,99695.9188209377,rosstat_index,2023-07-01
2023,4,61.0,103628.9228184237,rosstat_index,2023-10-01
2024,1,61.0,108862.18342075411,rosstat_index,2024-01-01
2024,2,61.0,110337.26600610532,rosstat_index,2024-04-01
2024,3,61.0,112102.662262203,rosstat_index,2024-07-01
2024,4,61.0,114451.21303659613,rosstat_index,2024-10-01
2025,1,61.0,114931.90813134983,rosstat_index,2025-01-01
2025,2,61.0,118264.93346715899,rosstat_index,2025-04-01
2025,3,61.0,120772.15005666277,rosstat_index,2025-07-01
2025,4,61.0,119371.19311600547,rosstat_index,2025-10-01
2026,1,61.0,121090.13829687593,rosstat_index,2026-01-01
2018,1,63.0,52968.75,transactions,2018-01-01
2018,3,63.0,38571.62309368192,transactions,2018-07-01
2018,4,63.0,48030.90727816551,transactions,2018-10-01
2019,1,63.0,48054.919908466814,transactions,2019-01-01
2019,2,63.0,51515.15151515151,transactions,2019-04-01
2019,3,63.0,49844.23676012461,transactions,2019-07-01
2019,4,63.0,48421.05263157895,transactions,2019-10-01
2020,1,63.0,50000.0,transactions,2020-01-01
2020,2,63.0,49218.559218559225,transactions,2020-04-01
2020,3,63.0,48715.08379888268,transactions,2020-07-01
2020,4,63.0,53019.97847325717,transactions,2020-10-01
2021,1,63.0,53921.56862745098,transactions,2021-01-01
2021,2,63.0,56000.0,transactions,2021-04-01
2021,3,63.0,60156.25,transactions,2021-07-01
2021,4,63.0,65882.35294117648,transactions,2021-10-01
2022,1,63.0,71548.23529411765,rosstat_index,2022-01-01
2022,2,63.0,80813.7317647059,rosstat_index,2022-04-01
2022,3,63.0,82094.62941317649,rosstat_index,2022-07-01
2022,4,63.0,83289.1062711382,rosstat_index,2022-10-01
2023,1,63.0,84725.84335431532,rosstat_index,2023-01-01
2023,2,63.0,85848.46077876,rosstat_index,2023-04-01
2023,3,63.0,87608.35422472458,rosstat_index,2023-07-01
2023,4,63.0,92028.19569536194,rosstat_index,2023-10-01
2024,1,63.0,96017.6179787559,rosstat_index,2024-01-01
2024,2,63.0,100813.69799679476,rosstat_index,2024-04-01
2024,3,63.0,102850.13469633002,rosstat_index,2024-07-01
2024,4,63.0,105030.55755189221,rosstat_index,2024-10-01
2025,1,63.0,106695.29188908971,rosstat_index,2025-01-01
2025,2,63.0,108599.80284930997,rosstat_index,2025-04-01
2025,3,63.0,109582.63106509623,rosstat_index,2025-07-01
2025,4,63.0,111401.70274077682,rosstat_index,2025-10-01
2026,1,63.0,117116.61009137866,rosstat_index,2026-01-01
2018,1,66.0,29687.5,transactions,2018-01-01
2018,2,66.0,29048.942203737526,transactions,2018-04-01
2018,3,66.0,50129.22932330828,transactions,2018-07-01
2018,4,66.0,60000.0,transactions,2018-10-01
2019,1,66.0,63052.35137533274,transactions,2019-01-01
2019,2,66.0,63300.0,transactions,2019-04-01
2019,3,66.0,63829.78723404255,transactions,2019-07-01
2019,4,66.0,64837.83783783784,transactions,2019-10-01
2020,1,66.0,65918.36734693877,transactions,2020-01-01
2020,2,66.0,66080.18811763305,transactions,2020-04-01
2020,3,66.0,68148.14814814815,transactions,2020-07-01
2020,4,66.0,71279.84573384756,transactions,2020-10-01
2021,1,66.0,76347.30538922155,transactions,2021-01-01
2021,2,66.0,79069.16945230136,transactions,2021-04-01
2021,3,66.0,81395.3488372093,transactions,2021-07-01
2021,4,66.0,87500.0,transactions,2021-10-01
2022,1,66.0,93209.375,rosstat_index,2022-01-01
2022,2,66.0,99757.33359375,rosstat_index,2022-04-01
2022,3,66.0,104011.98387152344,rosstat_index,2022-07-01
2022,4,66.0,104240.81023604078,rosstat_index,2022-10-01
2023,1,66.0,104126.14534478114,rosstat_index,2023-01-01
2023,2,66.0,103522.21370178141,rosstat_index,2023-04-01
2023,3,66.0,107792.50501697989,rosstat_index,2023-07-01
2023,4,66.0,112670.11586899824,rosstat_index,2023-10-01
2024,1,66.0,115560.10434103804,rosstat_index,2024-01-01
2024,2,66.0,117732.63430264956,rosstat_index,2024-04-01
2024,3,66.0,121723.77060550937,rosstat_index,2024-07-01
2024,4,66.0,123178.36966424521,rosstat_index,2024-10-01
2025,1,66.0,125500.28193241623,rosstat_index,2025-01-01
2025,2,66.0,125048.48091745953,rosstat_index,2025-04-01
2025,3,66.0,125773.76210678078,rosstat_index,2025-07-01
2025,4,66.0,128025.11244849215,rosstat_index,2025-10-01
2026,1,66.0,131212.9377484596,rosstat_index,2026-01-01
2018,3,69.0,40776.69902912621,transactions,2018-07-01
2018,4,69.0,44973.32039776861,transactions,2018-10-01
2019,1,69.0,32515.337423312885,transactions,2019-01-01
2019,2,69.0,63498.83855981416,transactions,2019-04-01
2019,3,69.0,56250.0,transactions,2019-07-01
2019,4,69.0,47626.546299290916,transactions,2019-10-01
2020,1,69.0,47871.27815540451,transactions,2020-01-01
2020,2,69.0,49500.0,transactions,2020-04-01
2020,3,69.0,50897.43048251537,transactions,2020-07-01
2020,4,69.0,50977.019748653496,transactions,2020-10-01
2021,1,69.0,53137.521564117305,transactions,2021-01-01
2021,2,69.0,56938.252307482384,transactions,2021-04-01
2021,3,69.0,63333.333333333336,transactions,2021-07-01
2021,4,69.0,73529.41176470589,transactions,2021-10-01
2022,1,69.0,84180.14705882354,rosstat_index,2022-01-01
2022,2,69.0,93317.90202205883,rosstat_index,2022-04-01
2022,3,69.0,93882.47532929227,rosstat_index,2022-07-01
2022,4,69.0,97374.90341154193,rosstat_index,2022-10-01
2023,1,69.0,99726.50732893066,rosstat_index,2023-01-01
2023,2,69.0,99252.80641911825,rosstat_index,2023-04-01
2023,3,69.0,99520.78899644986,rosstat_index,2023-07-01
2023,4,69.0,103307.5550177648,rosstat_index,2023-10-01
2024,1,69.0,102315.80248959424,rosstat_index,2024-01-01
2024,2,69.0,99952.30745208461,rosstat_index,2024-04-01
2024,3,69.0,99942.31222133942,rosstat_index,2024-07-01
2024,4,69.0,102181.02001509743,rosstat_index,2024-10-01
2025,1,69.0,102252.54672910798,rosstat_index,2025-01-01
2025,2,69.0,102216.7583377528,rosstat_index,2025-04-01
2025,3,69.0,101066.81980645309,rosstat_index,2025-07-01
2025,4,69.0,106948.90871918865,rosstat_index,2025-10-01
2026,1,69.0,113039.64907074644,rosstat_index,2026-01-01
2018,3,72.0,43695.22882181109,transactions,2018-07-01
2018,4,72.0,55555.55555555556,transactions,2018-10-01
2019,1,72.0,58333.333333333336,transactions,2019-01-01
2019,2,72.0,60344.8275862069,transactions,2019-04-01
2019,3,72.0,61666.66666666666,transactions,2019-07-01
2019,4,72.0,64417.89128263661,transactions,2019-10-01
2020,1,72.0,65329.88357050453,transactions,2020-01-01
2020,2,72.0,66363.63636363637,transactions,2020-04-01
2020,3,72.0,68918.91891891892,transactions,2020-07-01
2020,4,72.0,72500.0,transactions,2020-10-01
2021,1,72.0,77073.73271889401,transactions,2021-01-01
2021,2,72.0,82142.85714285714,transactions,2021-04-01
2021,3,72.0,86000.0,transactions,2021-07-01
2021,4,72.0,99136.86806411836,transactions,2021-10-01
2022,1,72.0,102681.0110974106,rosstat_index,2022-01-01
2022,2,72.0,108410.61151664611,rosstat_index,2022-04-01
2022,3,72.0,110540.88003294822,rosstat_index,2022-07-01
2022,4,72.0,113193.86115373898,rosstat_index,2022-10-01
2023,1,72.0,116306.6923354668,rosstat_index,2023-01-01
2023,2,72.0,116678.87375094029,rosstat_index,2023-04-01
2023,3,72.0,121054.33151660055,rosstat_index,2023-07-01
2023,4,72.0,125944.9265098712,rosstat_index,2023-10-01
2024,1,72.0,127682.96649570743,rosstat_index,2024-01-01
2024,2,72.0,129451.37558167295,rosstat_index,2024-04-01
2024,3,72.0,134584.1226234863,rosstat_index,2024-07-01
2024,4,72.0,137295.99269434955,rosstat_index,2024-10-01
2025,1,72.0,137268.5334958107,rosstat_index,2025-01-01
2025,2,72.0,140096.2652858244,rosstat_index,2025-04-01
2025,3,72.0,139886.12088789567,rosstat_index,2025-07-01
2025,4,72.0,139291.60487412213,rosstat_index,2025-10-01
2026,1,72.0,141645.6329964948,rosstat_index,2026-01-01
2018,2,74.0,56428.57142857143,transactions,2018-04-01
2018,3,74.0,34563.942195633594,transactions,2018-07-01
2018,4,74.0,35454.545454545456,transactions,2018-10-01
2019,1,74.0,36153.84615384616,transactions,2019-01-01
2019,2,74.0,37138.693098384734,transactions,2019-04-01
2019,3,74.0,37200.0,transactions,2019-07-01
2019,4,74.0,37500.0,transactions,2019-10-01
2020,1,74.0,37500.0,transactions,2020-01-01
2020,2,74.0,36543.20987654321,transactions,2020-04-01
2020,3,74.0,37852.81385281385,transactions,2020-07-01
2020,4,74.0,39622.64150943396,transactions,2020-10-01
2021,1,74.0,42500.0,transactions,2021-01-01
2021,2,74.0,45581.395348837206,transactions,2021-04-01
2021,3,74.0,48079.87711213518,transactions,2021-07-01
2021,4,74.0,51397.51552795031,transactions,2021-10-01
2022,1,74.0,61016.56055900621,rosstat_index,2022-01-01
2022,2,74.0,70510.73738198758,rosstat_index,2022-04-01
2022,3,74.0,75062.20547999487,rosstat_index,2022-07-01
2022,4,74.0,76038.01415123479,rosstat_index,2022-10-01
2023,1,74.0,78486.43820690455,rosstat_index,2023-01-01
2023,2,74.0,80158.19934071162,rosstat_index,2023-04-01
2023,3,74.0,81300.45368131677,rosstat_index,2023-07-01
2023,4,74.0,90052.4475201105,rosstat_index,2023-10-01
2024,1,74.0,93983.23685436332,rosstat_index,2024-01-01
2024,2,74.0,94241.69075571281,rosstat_index,2024-04-01
2024,3,74.0,96267.88710696064,rosstat_index,2024-07-01
2024,4,74.0,98068.09659586081,rosstat_index,2024-10-01
2025,1,74.0,99171.36268256424,rosstat_index,2025-01-01
2025,2,74.0,99984.56785656126,rosstat_index,2025-04-01
2025,3,74.0,104383.88884224996,rosstat_index,2025-07-01
2025,4,74.0,106831.69103560071,rosstat_index,2025-10-01
2026,1,74.0,108898.88425713958,rosstat_index,2026-01-01
2018,3,75.0,44057.70782889427,transactions,2018-07-01
2018,4,75.0,43636.36363636364,transactions,2018-10-01
2019,1,75.0,43076.92307692308,transactions,2019-01-01
2019,2,75.0,47767.857142857145,transactions,2019-04-01
2019,3,75.0,45581.395348837206,transactions,2019-07-01
2019,4,75.0,46236.55913978495,transactions,2019-10-01
2020,1,75.0,51382.30733954971,transactions,2020-01-01
2020,2,75.0,54166.66666666666,transactions,2020-04-01
2020,3,75.0,56316.41845927561,transactions,2020-07-01
2020,4,75.0,60257.46822908071,transactions,2020-10-01
2021,1,75.0,72446.16977225673,transactions,2021-01-01
2021,2,75.0,73863.63636363637,transactions,2021-04-01
2021,3,75.0,82333.33333333333,transactions,2021-07-01
2021,4,75.0,87500.0,transactions,2021-10-01
2022,1,75.0,90772.5,rosstat_index,2022-01-01
2022,2,75.0,116424.8085,rosstat_index,2022-04-01
2022,3,75.0,117571.59286372499,rosstat_index,2022-07-01
2022,4,75.0,116942.58484190406,rosstat_index,2022-10-01
2023,1,75.0,119275.58940950004,rosstat_index,2023-01-01
2023,2,75.0,117641.51383458989,rosstat_index,2023-04-01
2023,3,75.0,120753.1318755148,rosstat_index,2023-07-01
2023,4,75.0,124756.09819718811,rosstat_index,2023-10-01
2024,1,75.0,127781.43357846992,rosstat_index,2024-01-01
2024,2,75.0,129634.26436535774,rosstat_index,2024-04-01
2024,3,75.0,129271.28842513474,rosstat_index,2024-07-01
2024,4,75.0,131766.22429173987,rosstat_index,2024-10-01
2025,1,75.0,132141.75803097134,rosstat_index,2025-01-01
2025,2,75.0,133027.10780977886,rosstat_index,2025-04-01
2025,3,75.0,133865.17858898046,rosstat_index,2025-07-01
2025,4,75.0,137405.912562659,rosstat_index,2025-10-01
2026,1,75.0,139322.7250429081,rosstat_index,2026-01-01
2018,2,76.0,50000.0,transactions,2018-04-01
2018,3,76.0,45000.0,transactions,2018-07-01
2018,4,76.0,44594.59459459459,transactions,2018-10-01
2019,1,76.0,44117.64705882353,transactions,2019-01-01
2019,2,76.0,44578.31325301205,transactions,2019-04-01
2019,3,76.0,45000.0,transactions,2019-07-01
2019,4,76.0,46238.20754716981,transactions,2019-10-01
2020,1,76.0,46516.84782608695,transactions,2020-01-01
2020,2,76.0,48000.0,transactions,2020-04-01
2020,3,76.0,48454.85550170526,transactions,2020-07-01
2020,4,76.0,50035.71428571428,transactions,2020-10-01
2021,1,76.0,55000.0,transactions,2021-01-01
2021,2,76.0,56989.79591836735,transactions,2021-04-01
2021,3,76.0,58931.86003683242,transactions,2021-07-01
2021,4,76.0,65094.33962264151,transactions,2021-10-01
2022,1,76.0,71509.38679245283,rosstat_index,2022-01-01
2022,2,76.0,74873.90344103774,rosstat_index,2022-04-01
2022,3,76.0,77887.57805453951,rosstat_index,2022-07-01
2022,4,76.0,78035.56445284313,rosstat_index,2022-10-01
2023,1,76.0,80481.97939843975,rosstat_index,2023-01-01
2023,2,76.0,84747.52430655707,rosstat_index,2023-04-01
2023,3,76.0,88993.37527431556,rosstat_index,2023-07-01
2023,4,76.0,90181.43683422769,rosstat_index,2023-10-01
2024,1,76.0,91245.57778887158,rosstat_index,2024-01-01
2024,2,76.0,95128.07712378805,rosstat_index,2024-04-01
2024,3,76.0,99718.00684501082,rosstat_index,2024-07-01
2024,4,76.0,99752.90814740658,rosstat_index,2024-10-01
2025,1,76.0,100920.01717273124,rosstat_index,2025-01-01
2025,2,76.0,101661.7792989508,rosstat_index,2025-04-01
2025,3,76.0,102963.05007397737,rosstat_index,2025-07-01
2025,4,76.0,106335.08996390013,rosstat_index,2025-10-01
2026,1,76.0,109094.48554846333,rosstat_index,2026-01-01
2018,1,77.0,163088.88888888888,transactions,2018-01-01
2018,2,77.0,193181.8181818182,transactions,2018-04-01
2018,3,77.0,137012.98701298705,transactions,2018-07-01
2018,4,77.0,158892.29720518063,transactions,2018-10-01
2019,1,77.0,174782.83824241624,transactions,2019-01-01
2019,2,77.0,176387.9010589537,transactions,2019-04-01
2019,3,77.0,177351.4170040486,transactions,2019-07-01
2019,4,77.0,177380.95238095237,transactions,2019-10-01
2020,1,77.0,182584.26966292132,transactions,2020-01-01
2020,2,77.0,186600.0,transactions,2020-04-01
2020,3,77.0,198198.1981981982,transactions,2020-07-01
2020,4,77.0,211100.0,transactions,2020-10-01
2021,1,77.0,226800.0,transactions,2021-01-01
2021,2,77.0,246031.74603174604,transactions,2021-04-01
2021,3,77.0,259322.0338983051,transactions,2021-07-01
2021,4,77.0,271674.8334431115,transactions,2021-10-01
2022,1,77.0,281074.7826802432,rosstat_index,2022-01-01
2022,2,77.0,299780.3094676134,rosstat_index,2022-04-01
2022,3,77.0,303542.552351432,rosstat_index,2022-07-01
2022,4,77.0,311055.2305221299,rosstat_index,2022-10-01
2023,1,77.0,304274.22649674746,rosstat_index,2023-01-01
2023,2,77.0,309127.4004093706,rosstat_index,2023-04-01
2023,3,77.0,320920.61073498806,rosstat_index,2023-07-01
2023,4,77.0,318128.60142159363,rosstat_index,2023-10-01
2024,1,77.0,320005.56016998104,rosstat_index,2024-01-01
2024,2,77.0,294389.11507837404,rosstat_index,2024-04-01
2024,3,77.0,304457.22281405446,rosstat_index,2024-07-01
2024,4,77.0,297820.05535670806,rosstat_index,2024-10-01
2025,1,77.0,297224.41524599463,rosstat_index,2025-01-01
2025,2,77.0,287430.8707636391,rosstat_index,2025-04-01
2025,3,77.0,296369.97084438824,rosstat_index,2025-07-01
2025,4,77.0,305587.07693764876,rosstat_index,2025-10-01
2026,1,77.0,317000.75426126993,rosstat_index,2026-01-01
2018,1,78.0,94500.08953387884,transactions,2018-01-01
2018,2,78.0,79722.57742173143,transactions,2018-04-01
2018,3,78.0,110019.50483091788,transactions,2018-07-01
2018,4,78.0,105277.04485488129,transactions,2018-10-01
2019,1,78.0,109589.60251515832,transactions,2019-01-01
2019,2,78.0,111309.10821961284,transactions,2019-04-01
2019,3,78.0,112931.11650254508,transactions,2019-07-01
2019,4,78.0,113722.60748959778,transactions,2019-10-01
2020,1,78.0,119380.0067773636,transactions,2020-01-01
2020,2,78.0,123370.31325301203,transactions,2020-04-01
2020,3,78.0,126518.63704819276,transactions,2020-07-01
2020,4,78.0,138364.77987421383,transactions,2020-10-01
2021,1,78.0,153846.15384615384,transactions,2021-01-01
2021,2,78.0,161075.0105887336,transactions,2021-04-01
2021,3,78.0,173913.65217391303,transactions,2021-07-01
2021,4,78.0,180327.868852459,transactions,2021-10-01
2022,1,78.0,188406.55737704918,rosstat_index,2022-01-01
2022,2,78.0,198401.52524590163,rosstat_index,2022-04-01
2022,3,78.0,207210.55296681967,rosstat_index,2022-07-01
2022,4,78.0,207086.22663503955,rosstat_index,2022-10-01
2023,1,78.0,195924.2790194109,rosstat_index,2023-01-01
2023,2,78.0,188792.63526310434,rosstat_index,2023-04-01
2023,3,78.0,186621.51995757862,rosstat_index,2023-07-01
2023,4,78.0,197548.20995109485,rosstat_index,2023-10-01
2024,1,78.0,193844.18101451182,rosstat_index,2024-01-01
2024,2,78.0,198486.74914980942,rosstat_index,2024-04-01
2024,3,78.0,206704.10056461152,rosstat_index,2024-07-01
2024,4,78.0,208192.37008867675,rosstat_index,2024-10-01
2025,1,78.0,214729.6105094612,rosstat_index,2025-01-01
2025,2,78.0,222524.29537095464,rosstat_index,2025-04-01
2025,3,78.0,224348.99459299646,rosstat_index,2025-07-01
2025,4,78.0,229318.32482323132,rosstat_index,2025-10-01
2026,1,78.0,236943.15912360375,rosstat_index,2026-01-01
